Track Name,Album Name,Album Release Date,Track Duration,Track Popularity,Track Streams
Godzilla (feat. Juice WRLD),Curtain Call 2,2022-08-05,210800
Lucky You (feat. Joyner Lucas),Curtain Call 2,2022-08-05,246000
Lighters,Curtain Call 2,2022-08-05,303800
Gnat,Curtain Call 2,2022-08-05,230620
Cinderella Man,Curtain Call 2,2022-08-05,279002
Walk On Water (feat. Beyoncé),Curtain Call 2,2022-08-05,297864
Rap God,Curtain Call 2,2022-08-05,363521
Love The Way You Lie (feat. Rihanna),Curtain Call 2,2022-08-05,263321
Won't Back Down (feat. P!nk),Curtain Call 2,2022-08-05,265916
Higher,Curtain Call 2,2022-08-05,223491
Berzerk,Curtain Call 2,2022-08-05,237225
Not Afraid,Curtain Call 2,2022-08-05,249266
From The D 2 The LBC (with Snoop Dogg),Curtain Call 2,2022-08-05,213745
Nowhere Fast (feat. Kehlani),Curtain Call 2,2022-08-05,264275
Fall,Curtain Call 2,2022-08-05,262864
Phenomenal,Curtain Call 2,2022-08-05,281156
Fast Lane,Curtain Call 2,2022-08-05,249680
You’re Never Over,Curtain Call 2,2022-08-05,305680
3 a.m.,Curtain Call 2,2022-08-05,319906
Space Bound,Curtain Call 2,2022-08-05,278133
Beautiful,Curtain Call 2,2022-08-05,392813
The Monster (feat. Rihanna),Curtain Call 2,2022-08-05,250160
Venom - Music From The Motion Picture,Curtain Call 2,2022-08-05,264733
Crack A Bottle (feat. Dr. Dre & 50 Cent),Curtain Call 2,2022-08-05,297173
Is This Love ('09) (feat. 50 Cent),Curtain Call 2,2022-08-05,212013
River (feat. Ed Sheeran),Curtain Call 2,2022-08-05,223733
Survival,Curtain Call 2,2022-08-05,271933
Best Friend,Curtain Call 2,2022-08-05,310560
Darkness,Curtain Call 2,2022-08-05,338493
Kings Never Die (feat. Gwen Stefani),Curtain Call 2,2022-08-05,297013
No Love (feat. Lil Wayne),Curtain Call 2,2022-08-05,299480
Headlights (feat. Nate Ruess),Curtain Call 2,2022-08-05,343000
The King and I (feat. CeeLo Green) - From the Original Motion Picture Soundtrack ELVIS,Curtain Call 2,2022-08-05,192186
Farewell,Curtain Call 2,2022-08-05,252360
Rap God - Mr. Cii Remix,Curtain Call 2,2022-08-05,375983
Godzilla (feat. Juice WRLD),Curtain Call 2,2022-08-05,210800
Lucky You (feat. Joyner Lucas),Curtain Call 2,2022-08-05,245974
Lighters,Curtain Call 2,2022-08-05,303800
Gnat,Curtain Call 2,2022-08-05,230620
Cinderella Man,Curtain Call 2,2022-08-05,279002
Walk On Water (feat. Beyoncé),Curtain Call 2,2022-08-05,297864
Rap God,Curtain Call 2,2022-08-05,363521
Love The Way You Lie (feat. Rihanna),Curtain Call 2,2022-08-05,263321
Won't Back Down (feat. P!nk),Curtain Call 2,2022-08-05,265916
Higher,Curtain Call 2,2022-08-05,223487
Berzerk,Curtain Call 2,2022-08-05,237225
Not Afraid,Curtain Call 2,2022-08-05,249266
From The D 2 The LBC (with Snoop Dogg),Curtain Call 2,2022-08-05,213745
Nowhere Fast (feat. Kehlani),Curtain Call 2,2022-08-05,264275
Fall,Curtain Call 2,2022-08-05,262864
Phenomenal,Curtain Call 2,2022-08-05,281156
Fast Lane,Curtain Call 2,2022-08-05,249680
You’re Never Over,Curtain Call 2,2022-08-05,305680
3 a.m.,Curtain Call 2,2022-08-05,319773
Space Bound,Curtain Call 2,2022-08-05,278133
Beautiful,Curtain Call 2,2022-08-05,392813
The Monster (feat. Rihanna),Curtain Call 2,2022-08-05,250160
Venom - Music From The Motion Picture,Curtain Call 2,2022-08-05,264746
Crack A Bottle (feat. Dr. Dre & 50 Cent),Curtain Call 2,2022-08-05,297160
Is This Love ('09) (feat. 50 Cent),Curtain Call 2,2022-08-05,212013
River (feat. Ed Sheeran),Curtain Call 2,2022-08-05,223733
Survival,Curtain Call 2,2022-08-05,271933
Best Friend,Curtain Call 2,2022-08-05,310573
Darkness,Curtain Call 2,2022-08-05,338493
Kings Never Die (feat. Gwen Stefani),Curtain Call 2,2022-08-05,297000
No Love (feat. Lil Wayne),Curtain Call 2,2022-08-05,299480
Headlights (feat. Nate Ruess),Curtain Call 2,2022-08-05,343013
The King and I (feat. CeeLo Green) - From the Original Motion Picture Soundtrack ELVIS,Curtain Call 2,2022-08-05,192173
Farewell,Curtain Call 2,2022-08-05,252093
Rap God - Mr. Cii Remix,Curtain Call 2,2022-08-05,375983
Curtains Up - Skit,The Eminem Show (Expanded Edition),2022-05-26,29826
White America,The Eminem Show (Expanded Edition),2022-05-26,324546
Business,The Eminem Show (Expanded Edition),2022-05-26,251720
Cleanin' Out My Closet,The Eminem Show (Expanded Edition),2022-05-26,297840
Square Dance,The Eminem Show (Expanded Edition),2022-05-26,323720
The Kiss - Skit,The Eminem Show (Expanded Edition),2022-05-26,75920
Soldier,The Eminem Show (Expanded Edition),2022-05-26,226213
Say Goodbye Hollywood,The Eminem Show (Expanded Edition),2022-05-26,272840
Drips,The Eminem Show (Expanded Edition),2022-05-26,285640
Without Me,The Eminem Show (Expanded Edition),2022-05-26,290320
Paul Rosenberg - Skit,The Eminem Show (Expanded Edition),2022-05-26,22746
Sing For The Moment,The Eminem Show (Expanded Edition),2022-05-26,339546
Superman,The Eminem Show (Expanded Edition),2022-05-26,350320
Hailie's Song,The Eminem Show (Expanded Edition),2022-05-26,320640
Steve Berman - Skit,The Eminem Show (Expanded Edition),2022-05-26,33106
When The Music Stops,The Eminem Show (Expanded Edition),2022-05-26,269013
Say What You Say,The Eminem Show (Expanded Edition),2022-05-26,309893
Till I Collapse,The Eminem Show (Expanded Edition),2022-05-26,297786
My Dad's Gone Crazy,The Eminem Show (Expanded Edition),2022-05-26,267013
Curtains Close,The Eminem Show (Expanded Edition),2022-05-26,61866
Stimulate,The Eminem Show (Expanded Edition),2022-05-26,303773
The Conspiracy Freestyle,The Eminem Show (Expanded Edition),2022-05-26,170687
Bump Heads,The Eminem Show (Expanded Edition),2022-05-26,281457
"Jimmy, Brian and Mike",The Eminem Show (Expanded Edition),2022-05-26,201563
"Freestyle #1 - Live From Tramps, New York / 1999",The Eminem Show (Expanded Edition),2022-05-26,77721
"Brain Damage - Live From Tramps, New York / 1999",The Eminem Show (Expanded Edition),2022-05-26,84561
"Freestyle #2 - Live From Tramps, New York / 1999",The Eminem Show (Expanded Edition),2022-05-26,52503
"Just Don't Give A Fuck - Live From Tramps, New York / 1999",The Eminem Show (Expanded Edition),2022-05-26,195808
"The Way I Am - Live From Fuji Rock Festival, Japan / 2001",The Eminem Show (Expanded Edition),2022-05-26,223291
"The Real Slim Shady - Live From Fuji Rock Festival, Japan / 2001",The Eminem Show (Expanded Edition),2022-05-26,285368
Business - Instrumental,The Eminem Show (Expanded Edition),2022-05-26,251807
Cleanin' Out My Closet - Instrumental,The Eminem Show (Expanded Edition),2022-05-26,342253
Square Dance - Instrumental,The Eminem Show (Expanded Edition),2022-05-26,377696
Without Me - Instrumental,The Eminem Show (Expanded Edition),2022-05-26,288240
Sing For The Moment - Instrumental,The Eminem Show (Expanded Edition),2022-05-26,383854
Superman - Instrumental,The Eminem Show (Expanded Edition),2022-05-26,422379
Say What You Say - Instrumental,The Eminem Show (Expanded Edition),2022-05-26,306290
Till I Collapse - Instrumental,The Eminem Show (Expanded Edition),2022-05-26,345102
Alfred - Intro,Music To Be Murdered By - Side B (Deluxe Edition),2020-12-18,17074
Black Magic (feat. Skylar Grey),Music To Be Murdered By - Side B (Deluxe Edition),2020-12-18,174863
Alfred’s Theme,Music To Be Murdered By - Side B (Deluxe Edition),2020-12-18,339345
Tone Deaf,Music To Be Murdered By - Side B (Deluxe Edition),2020-12-18,290136
Book of Rhymes (feat. DJ Premier),Music To Be Murdered By - Side B (Deluxe Edition),2020-12-18,289914
Favorite Bitch (feat. Ty Dolla $ign),Music To Be Murdered By - Side B (Deluxe Edition),2020-12-18,236719
Guns Blazing (feat. Dr. Dre & Sly Pyper),Music To Be Murdered By - Side B (Deluxe Edition),2020-12-18,196180
Gnat,Music To Be Murdered By - Side B (Deluxe Edition),2020-12-18,224656
Higher,Music To Be Murdered By - Side B (Deluxe Edition),2020-12-18,222036
These Demons (feat. MAJ),Music To Be Murdered By - Side B (Deluxe Edition),2020-12-18,207320
Key - Skit,Music To Be Murdered By - Side B (Deluxe Edition),2020-12-18,57950
She Loves Me,Music To Be Murdered By - Side B (Deluxe Edition),2020-12-18,204521
Killer,Music To Be Murdered By - Side B (Deluxe Edition),2020-12-18,195008
Zeus (feat. White Gold),Music To Be Murdered By - Side B (Deluxe Edition),2020-12-18,230398
Thus Far - Interlude,Music To Be Murdered By - Side B (Deluxe Edition),2020-12-18,16355
Discombobulated,Music To Be Murdered By - Side B (Deluxe Edition),2020-12-18,252578
Premonition - Intro,Music To Be Murdered By - Side B (Deluxe Edition),2020-12-18,173893
Unaccommodating (feat. Young M.A),Music To Be Murdered By - Side B (Deluxe Edition),2020-12-18,216600
"You Gon’ Learn (feat. Royce Da 5'9"" & White Gold)",Music To Be Murdered By - Side B (Deluxe Edition),2020-12-18,234653
Alfred - Interlude,Music To Be Murdered By - Side B (Deluxe Edition),2020-12-18,30133
Those Kinda Nights (feat. Ed Sheeran),Music To Be Murdered By - Side B (Deluxe Edition),2020-12-18,177693
In Too Deep,Music To Be Murdered By - Side B (Deluxe Edition),2020-12-18,194706
Godzilla (feat. Juice WRLD),Music To Be Murdered By - Side B (Deluxe Edition),2020-12-18,210800
Darkness,Music To Be Murdered By - Side B (Deluxe Edition),2020-12-18,337146
Leaving Heaven (feat. Skylar Grey),Music To Be Murdered By - Side B (Deluxe Edition),2020-12-18,265946
"Yah Yah (feat. Royce Da 5'9"", Black Thought, Q-Tip & Denaun)",Music To Be Murdered By - Side B (Deluxe Edition),2020-12-18,286960
Stepdad - Intro,Music To Be Murdered By - Side B (Deluxe Edition),2020-12-18,15160
Stepdad,Music To Be Murdered By - Side B (Deluxe Edition),2020-12-18,213413
Marsh,Music To Be Murdered By - Side B (Deluxe Edition),2020-12-18,200573
Never Love Again,Music To Be Murdered By - Side B (Deluxe Edition),2020-12-18,177546
Little Engine,Music To Be Murdered By - Side B (Deluxe Edition),2020-12-18,177293
Lock It Up (feat. Anderson .Paak),Music To Be Murdered By - Side B (Deluxe Edition),2020-12-18,170226
Farewell,Music To Be Murdered By - Side B (Deluxe Edition),2020-12-18,247733
No Regrets (feat. Don Toliver),Music To Be Murdered By - Side B (Deluxe Edition),2020-12-18,200946
"I Will (feat. KXNG Crooked, Royce Da 5'9"" & Joell Ortiz)",Music To Be Murdered By - Side B (Deluxe Edition),2020-12-18,303000
Alfred - Outro,Music To Be Murdered By - Side B (Deluxe Edition),2020-12-18,39200
Alfred - Intro,Music To Be Murdered By - Side B (Deluxe Edition),2020-12-18,17074
Black Magic (feat. Skylar Grey),Music To Be Murdered By - Side B (Deluxe Edition),2020-12-18,174863
Alfred’s Theme,Music To Be Murdered By - Side B (Deluxe Edition),2020-12-18,339345
Tone Deaf,Music To Be Murdered By - Side B (Deluxe Edition),2020-12-18,290136
Book of Rhymes (feat. DJ Premier),Music To Be Murdered By - Side B (Deluxe Edition),2020-12-18,289914
Favorite Bitch (feat. Ty Dolla $ign),Music To Be Murdered By - Side B (Deluxe Edition),2020-12-18,236719
Guns Blazing (feat. Dr. Dre & Sly Pyper),Music To Be Murdered By - Side B (Deluxe Edition),2020-12-18,196180
Gnat,Music To Be Murdered By - Side B (Deluxe Edition),2020-12-18,224656
Higher,Music To Be Murdered By - Side B (Deluxe Edition),2020-12-18,222036
These Demons (feat. MAJ),Music To Be Murdered By - Side B (Deluxe Edition),2020-12-18,207320
Key - Skit,Music To Be Murdered By - Side B (Deluxe Edition),2020-12-18,57950
She Loves Me,Music To Be Murdered By - Side B (Deluxe Edition),2020-12-18,204521
Killer,Music To Be Murdered By - Side B (Deluxe Edition),2020-12-18,195008
Zeus (feat. White Gold),Music To Be Murdered By - Side B (Deluxe Edition),2020-12-18,230398
Thus Far - Interlude,Music To Be Murdered By - Side B (Deluxe Edition),2020-12-18,16355
Discombobulated,Music To Be Murdered By - Side B (Deluxe Edition),2020-12-18,252578
Premonition - Intro,Music To Be Murdered By - Side B (Deluxe Edition),2020-12-18,173882
Unaccommodating (feat. Young M.A),Music To Be Murdered By - Side B (Deluxe Edition),2020-12-18,216600
"You Gon’ Learn (feat. Royce Da 5'9"" & White Gold)",Music To Be Murdered By - Side B (Deluxe Edition),2020-12-18,234639
Alfred - Interlude,Music To Be Murdered By - Side B (Deluxe Edition),2020-12-18,30133
Those Kinda Nights (feat. Ed Sheeran),Music To Be Murdered By - Side B (Deluxe Edition),2020-12-18,177693
In Too Deep,Music To Be Murdered By - Side B (Deluxe Edition),2020-12-18,194703
Godzilla (feat. Juice WRLD),Music To Be Murdered By - Side B (Deluxe Edition),2020-12-18,210800
Darkness,Music To Be Murdered By - Side B (Deluxe Edition),2020-12-18,337146
Leaving Heaven (feat. Skylar Grey),Music To Be Murdered By - Side B (Deluxe Edition),2020-12-18,265946
"Yah Yah (feat. Royce Da 5'9"", Black Thought, Q-Tip & Denaun)",Music To Be Murdered By - Side B (Deluxe Edition),2020-12-18,286948
Stepdad - Intro,Music To Be Murdered By - Side B (Deluxe Edition),2020-12-18,15160
Stepdad,Music To Be Murdered By - Side B (Deluxe Edition),2020-12-18,213413
Marsh,Music To Be Murdered By - Side B (Deluxe Edition),2020-12-18,200573
Never Love Again,Music To Be Murdered By - Side B (Deluxe Edition),2020-12-18,177546
Little Engine,Music To Be Murdered By - Side B (Deluxe Edition),2020-12-18,177293
Lock It Up (feat. Anderson .Paak),Music To Be Murdered By - Side B (Deluxe Edition),2020-12-18,170212
Farewell,Music To Be Murdered By - Side B (Deluxe Edition),2020-12-18,247733
No Regrets (feat. Don Toliver),Music To Be Murdered By - Side B (Deluxe Edition),2020-12-18,200932
"I Will (feat. KXNG Crooked, Royce Da 5'9"" & Joell Ortiz)",Music To Be Murdered By - Side B (Deluxe Edition),2020-12-18,303011
Alfred - Outro,Music To Be Murdered By - Side B (Deluxe Edition),2020-12-18,39186
Premonition - Intro,Music To Be Murdered By,2020-01-17,173893
Unaccommodating (feat. Young M.A),Music To Be Murdered By,2020-01-17,216600
"You Gon’ Learn (feat. Royce Da 5'9"" & White Gold)",Music To Be Murdered By,2020-01-17,234653
Alfred - Interlude,Music To Be Murdered By,2020-01-17,30133
Those Kinda Nights (feat. Ed Sheeran),Music To Be Murdered By,2020-01-17,177693
In Too Deep,Music To Be Murdered By,2020-01-17,194706
Godzilla (feat. Juice WRLD),Music To Be Murdered By,2020-01-17,210800
Darkness,Music To Be Murdered By,2020-01-17,337146
Leaving Heaven (feat. Skylar Grey),Music To Be Murdered By,2020-01-17,265946
"Yah Yah (feat. Royce Da 5'9"", Black Thought, Q-Tip & Denaun)",Music To Be Murdered By,2020-01-17,286960
Stepdad - Intro,Music To Be Murdered By,2020-01-17,15160
Stepdad,Music To Be Murdered By,2020-01-17,213413
Marsh,Music To Be Murdered By,2020-01-17,200573
Never Love Again,Music To Be Murdered By,2020-01-17,177546
Little Engine,Music To Be Murdered By,2020-01-17,177293
Lock It Up (feat. Anderson .Paak),Music To Be Murdered By,2020-01-17,170226
Farewell,Music To Be Murdered By,2020-01-17,247733
No Regrets (feat. Don Toliver),Music To Be Murdered By,2020-01-17,200946
"I Will (feat. KXNG Crooked, Royce Da 5'9"" & Joell Ortiz)",Music To Be Murdered By,2020-01-17,303000
Alfred - Outro,Music To Be Murdered By,2020-01-17,39200
Premonition - Intro,Music To Be Murdered By,2020-01-17,173882
Unaccommodating (feat. Young M.A),Music To Be Murdered By,2020-01-17,216600
"You Gon’ Learn (feat. Royce Da 5'9"" & White Gold)",Music To Be Murdered By,2020-01-17,234639
Alfred - Interlude,Music To Be Murdered By,2020-01-17,30133
Those Kinda Nights (feat. Ed Sheeran),Music To Be Murdered By,2020-01-17,177693
In Too Deep,Music To Be Murdered By,2020-01-17,194703
Godzilla (feat. Juice WRLD),Music To Be Murdered By,2020-01-17,210800
Darkness,Music To Be Murdered By,2020-01-17,337146
Leaving Heaven (feat. Skylar Grey),Music To Be Murdered By,2020-01-17,265946
"Yah Yah (feat. Royce Da 5'9"", Black Thought, Q-Tip & Denaun)",Music To Be Murdered By,2020-01-17,286948
Stepdad - Intro,Music To Be Murdered By,2020-01-17,15160
Stepdad,Music To Be Murdered By,2020-01-17,213413
Marsh,Music To Be Murdered By,2020-01-17,200573
Never Love Again,Music To Be Murdered By,2020-01-17,177546
Little Engine,Music To Be Murdered By,2020-01-17,177293
Lock It Up (feat. Anderson .Paak),Music To Be Murdered By,2020-01-17,170212
Farewell,Music To Be Murdered By,2020-01-17,247733
No Regrets (feat. Don Toliver),Music To Be Murdered By,2020-01-17,200932
"I Will (feat. KXNG Crooked, Royce Da 5'9"" & Joell Ortiz)",Music To Be Murdered By,2020-01-17,303011
Alfred - Outro,Music To Be Murdered By,2020-01-17,39186
The Ringer,Kamikaze,2018-08-31,337941
Greatest,Kamikaze,2018-08-31,226937
Lucky You (feat. Joyner Lucas),Kamikaze,2018-08-31,244679
Paul - Skit,Kamikaze,2018-08-31,35240
Normal,Kamikaze,2018-08-31,222477
Em Calls Paul - Skit,Kamikaze,2018-08-31,49023
Stepping Stone,Kamikaze,2018-08-31,309637
Not Alike (feat. Royce Da 5'9),Kamikaze,2018-08-31,288086
Kamikaze,Kamikaze,2018-08-31,216029
Fall,Kamikaze,2018-08-31,262493
Nice Guy (with Jessie Reyez),Kamikaze,2018-08-31,150801
Good Guy (feat. Jessie Reyez),Kamikaze,2018-08-31,142192
Venom - Music From The Motion Picture,Kamikaze,2018-08-31,269554
The Ringer,Kamikaze,2018-08-31,337941
Greatest,Kamikaze,2018-08-31,226937
Lucky You (feat. Joyner Lucas),Kamikaze,2018-08-31,244679
Paul - Skit,Kamikaze,2018-08-31,35240
Normal,Kamikaze,2018-08-31,222477
Em Calls Paul - Skit,Kamikaze,2018-08-31,49023
Stepping Stone,Kamikaze,2018-08-31,309637
Not Alike (feat. Royce Da 5'9),Kamikaze,2018-08-31,288086
Kamikaze,Kamikaze,2018-08-31,216029
Fall,Kamikaze,2018-08-31,262493
Nice Guy (with Jessie Reyez),Kamikaze,2018-08-31,150801
Good Guy (feat. Jessie Reyez),Kamikaze,2018-08-31,142192
Venom - Music From The Motion Picture,Kamikaze,2018-08-31,269554
The Ringer,Kamikaze,2018-08-31,337941
Greatest,Kamikaze,2018-08-31,226937
Lucky You,Kamikaze,2018-08-31,244679
Paul - Skit,Kamikaze,2018-08-31,35240
Normal,Kamikaze,2018-08-31,222477
Em Calls Paul - Skit,Kamikaze,2018-08-31,49023
Stepping Stone,Kamikaze,2018-08-31,309637
Not Alike,Kamikaze,2018-08-31,288086
Kamikaze,Kamikaze,2018-08-31,216029
Fall,Kamikaze,2018-08-31,262493
Nice Guy,Kamikaze,2018-08-31,150801
Good Guy,Kamikaze,2018-08-31,142192
Venom - Music From The Motion Picture,Kamikaze,2018-08-31,269554
Walk On Water (feat. Beyoncé),Revival,2017-12-15,303640
Believe,Revival,2017-12-15,315346
Chloraseptic (feat. Phresher),Revival,2017-12-15,301146
Untouchable,Revival,2017-12-15,370133
River (feat. Ed Sheeran),Revival,2017-12-15,221013
Remind Me (Intro),Revival,2017-12-15,26333
Remind Me,Revival,2017-12-15,225173
Revival (Interlude),Revival,2017-12-15,51826
Like Home (feat. Alicia Keys),Revival,2017-12-15,245466
Bad Husband (feat. X Ambassadors),Revival,2017-12-15,287893
Tragic Endings (feat. Skylar Grey),Revival,2017-12-15,252026
Framed,Revival,2017-12-15,252960
Nowhere Fast (feat. Kehlani),Revival,2017-12-15,264173
Heat,Revival,2017-12-15,250000
Offended,Revival,2017-12-15,320920
Need Me (feat. Pink),Revival,2017-12-15,265466
In Your Head,Revival,2017-12-15,182640
Castle,Revival,2017-12-15,254760
Arose,Revival,2017-12-15,274626
Walk On Water,Revival,2017-12-15,303640
Believe,Revival,2017-12-15,315346
Chloraseptic,Revival,2017-12-15,301146
Untouchable,Revival,2017-12-15,370133
River,Revival,2017-12-15,221013
Remind Me (Intro),Revival,2017-12-15,26333
Remind Me,Revival,2017-12-15,225173
Revival (Interlude),Revival,2017-12-15,51826
Like Home,Revival,2017-12-15,245466
Bad Husband,Revival,2017-12-15,287893
Tragic Endings,Revival,2017-12-15,252026
Framed,Revival,2017-12-15,252960
Nowhere Fast,Revival,2017-12-15,264173
Heat,Revival,2017-12-15,250000
Offended,Revival,2017-12-15,320920
Need Me,Revival,2017-12-15,265466
In Your Head,Revival,2017-12-15,182640
Castle,Revival,2017-12-15,254760
Arose,Revival,2017-12-15,274626
Walk On Water,Revival,2017-12-15,303653
Believe,Revival,2017-12-15,315360
Chloraseptic,Revival,2017-12-15,301146
Untouchable,Revival,2017-12-15,370120
River,Revival,2017-12-15,221013
Remind Me (Intro),Revival,2017-12-15,26346
Remind Me,Revival,2017-12-15,225173
Revival (Interlude),Revival,2017-12-15,51826
Like Home,Revival,2017-12-15,245453
Bad Husband,Revival,2017-12-15,287906
Tragic Endings,Revival,2017-12-15,252026
Framed,Revival,2017-12-15,252960
Nowhere Fast,Revival,2017-12-15,264280
Heat,Revival,2017-12-15,250000
Offended,Revival,2017-12-15,320920
Need Me,Revival,2017-12-15,265480
In Your Head,Revival,2017-12-15,182680
Castle,Revival,2017-12-15,254693
Arose,Revival,2017-12-15,274640
Walk On Water (feat. Beyoncé),Revival,2017-12-14,303653
Believe,Revival,2017-12-14,315360
Chloraseptic (feat. Phresher),Revival,2017-12-14,301146
Untouchable,Revival,2017-12-14,370120
River (feat. Ed Sheeran),Revival,2017-12-14,221013
Remind Me (Intro),Revival,2017-12-14,26346
Remind Me,Revival,2017-12-14,225173
Revival (Interlude),Revival,2017-12-14,51826
Like Home (Alicia Keys),Revival,2017-12-14,245453
Bad Husband (feat. X Ambassadors),Revival,2017-12-14,287906
Tragic Endings (feat. Skylar Grey),Revival,2017-12-14,252026
Framed,Revival,2017-12-14,252960
Nowhere Fast (feat. Kehlani),Revival,2017-12-14,264280
Heat,Revival,2017-12-14,250000
Offended,Revival,2017-12-14,320920
Need Me (feat. Pink),Revival,2017-12-14,265480
In Your Head,Revival,2017-12-14,182680
Castle,Revival,2017-12-14,254693
Arose,Revival,2017-12-14,274640
Bad Guy,The Marshall Mathers LP2 (Deluxe),2013-11-05,434077
Parking Lot - Skit,The Marshall Mathers LP2 (Deluxe),2013-11-05,55337
Rhyme Or Reason,The Marshall Mathers LP2 (Deluxe),2013-11-05,301721
So Much Better,The Marshall Mathers LP2 (Deluxe),2013-11-05,261386
Survival,The Marshall Mathers LP2 (Deluxe),2013-11-05,272417
Legacy,The Marshall Mathers LP2 (Deluxe),2013-11-05,296269
Asshole,The Marshall Mathers LP2 (Deluxe),2013-11-05,288983
Berzerk,The Marshall Mathers LP2 (Deluxe),2013-11-05,238746
Rap God,The Marshall Mathers LP2 (Deluxe),2013-11-05,363521
Brainless,The Marshall Mathers LP2 (Deluxe),2013-11-05,286525
Stronger Than I Was,The Marshall Mathers LP2 (Deluxe),2013-11-05,336519
The Monster,The Marshall Mathers LP2 (Deluxe),2013-11-05,250188
So Far...,The Marshall Mathers LP2 (Deluxe),2013-11-05,317580
Love Game,The Marshall Mathers LP2 (Deluxe),2013-11-05,296953
Headlights,The Marshall Mathers LP2 (Deluxe),2013-11-05,343032
Evil Twin,The Marshall Mathers LP2 (Deluxe),2013-11-05,356846
Baby,The Marshall Mathers LP2 (Deluxe),2013-11-05,263058
Desperation,The Marshall Mathers LP2 (Deluxe),2013-11-05,236658
Groundhog Day,The Marshall Mathers LP2 (Deluxe),2013-11-05,293423
Beautiful Pain,The Marshall Mathers LP2 (Deluxe),2013-11-05,265025
Wicked Ways,The Marshall Mathers LP2 (Deluxe),2013-11-05,391416
Bad Guy,The Marshall Mathers LP2,2013-11-05,434077
Parking Lot - Skit,The Marshall Mathers LP2,2013-11-05,55337
Rhyme Or Reason,The Marshall Mathers LP2,2013-11-05,301721
So Much Better,The Marshall Mathers LP2,2013-11-05,261386
Survival,The Marshall Mathers LP2,2013-11-05,272417
Legacy,The Marshall Mathers LP2,2013-11-05,296269
Asshole,The Marshall Mathers LP2,2013-11-05,288983
Berzerk,The Marshall Mathers LP2,2013-11-05,238746
Rap God,The Marshall Mathers LP2,2013-11-05,363521
Brainless,The Marshall Mathers LP2,2013-11-05,286525
Stronger Than I Was,The Marshall Mathers LP2,2013-11-05,336519
The Monster,The Marshall Mathers LP2,2013-11-05,250188
So Far...,The Marshall Mathers LP2,2013-11-05,317580
Love Game,The Marshall Mathers LP2,2013-11-05,296953
Headlights,The Marshall Mathers LP2,2013-11-05,343032
Evil Twin - Skit,The Marshall Mathers LP2,2013-11-05,453925
Bad Guy,The Marshall Mathers LP2 (Deluxe),2013-11-05,434077
Parking Lot (skit),The Marshall Mathers LP2 (Deluxe),2013-11-05,55337
Rhyme Or Reason,The Marshall Mathers LP2 (Deluxe),2013-11-05,301721
So Much Better,The Marshall Mathers LP2 (Deluxe),2013-11-05,261386
Survival,The Marshall Mathers LP2 (Deluxe),2013-11-05,272417
Legacy,The Marshall Mathers LP2 (Deluxe),2013-11-05,296269
*******,The Marshall Mathers LP2 (Deluxe),2013-11-05,290683
Berzerk,The Marshall Mathers LP2 (Deluxe),2013-11-05,238746
Rap God,The Marshall Mathers LP2 (Deluxe),2013-11-05,363521
Brainless,The Marshall Mathers LP2 (Deluxe),2013-11-05,286525
Stronger Than I Was,The Marshall Mathers LP2 (Deluxe),2013-11-05,336519
The Monster,The Marshall Mathers LP2 (Deluxe),2013-11-05,250188
So Far...,The Marshall Mathers LP2 (Deluxe),2013-11-05,317580
Love Game,The Marshall Mathers LP2 (Deluxe),2013-11-05,296953
Headlights,The Marshall Mathers LP2 (Deluxe),2013-11-05,343032
Evil Twin,The Marshall Mathers LP2 (Deluxe),2013-11-05,356877
Baby,The Marshall Mathers LP2 (Deluxe),2013-11-05,263058
Desperation,The Marshall Mathers LP2 (Deluxe),2013-11-05,236658
Groundhog Day,The Marshall Mathers LP2 (Deluxe),2013-11-05,293423
Beautiful Pain,The Marshall Mathers LP2 (Deluxe),2013-11-05,265022
Wicked Ways,The Marshall Mathers LP2 (Deluxe),2013-11-05,391219
Bad Guy,The Marshall Mathers LP2,2013-11-05,434077
Parking Lot (skit),The Marshall Mathers LP2,2013-11-05,55337
Rhyme Or Reason,The Marshall Mathers LP2,2013-11-05,301721
So Much Better,The Marshall Mathers LP2,2013-11-05,261386
Survival,The Marshall Mathers LP2,2013-11-05,272417
Legacy,The Marshall Mathers LP2,2013-11-05,296269
*******,The Marshall Mathers LP2,2013-11-05,290683
Berzerk,The Marshall Mathers LP2,2013-11-05,238746
Rap God,The Marshall Mathers LP2,2013-11-05,363521
Brainless,The Marshall Mathers LP2,2013-11-05,286525
Stronger Than I Was,The Marshall Mathers LP2,2013-11-05,336519
The Monster,The Marshall Mathers LP2,2013-11-05,250188
So Far...,The Marshall Mathers LP2,2013-11-05,317580
Love Game,The Marshall Mathers LP2,2013-11-05,296953
Headlights,The Marshall Mathers LP2,2013-11-05,343032
Evil Twin,The Marshall Mathers LP2,2013-11-05,454168
Bad Guy,The Marshall Mathers LP2,2013-01-01,434077
Parking Lot - Skit,The Marshall Mathers LP2,2013-01-01,55337
Rhyme Or Reason,The Marshall Mathers LP2,2013-01-01,301721
So Much Better,The Marshall Mathers LP2,2013-01-01,261386
Survival,The Marshall Mathers LP2,2013-01-01,272417
Legacy,The Marshall Mathers LP2,2013-01-01,296269
Asshole,The Marshall Mathers LP2,2013-01-01,288983
Berzerk,The Marshall Mathers LP2,2013-01-01,238746
Rap God,The Marshall Mathers LP2,2013-01-01,363521
Brainless,The Marshall Mathers LP2,2013-01-01,286525
Stronger Than I Was,The Marshall Mathers LP2,2013-01-01,336519
The Monster,The Marshall Mathers LP2,2013-01-01,250188
So Far...,The Marshall Mathers LP2,2013-01-01,317580
Love Game,The Marshall Mathers LP2,2013-01-01,296953
Headlights,The Marshall Mathers LP2,2013-01-01,343032
Evil Twin,The Marshall Mathers LP2,2013-01-01,356846
Baby,The Marshall Mathers LP2,2013-01-01,263058
Desperation,The Marshall Mathers LP2,2013-01-01,236658
Groundhog Day,The Marshall Mathers LP2,2013-01-01,293423
Beautiful Pain,The Marshall Mathers LP2,2013-01-01,265025
Wicked Ways,The Marshall Mathers LP2,2013-01-01,391416
Bad Guy,The Marshall Mathers LP2,2013-01-01,434077
Parking Lot - Skit,The Marshall Mathers LP2,2013-01-01,55337
Rhyme Or Reason,The Marshall Mathers LP2,2013-01-01,301721
So Much Better,The Marshall Mathers LP2,2013-01-01,261386
Survival,The Marshall Mathers LP2,2013-01-01,272417
Legacy,The Marshall Mathers LP2,2013-01-01,296269
Asshole,The Marshall Mathers LP2,2013-01-01,288983
Berzerk,The Marshall Mathers LP2,2013-01-01,238746
Rap God,The Marshall Mathers LP2,2013-01-01,363521
Brainless,The Marshall Mathers LP2,2013-01-01,286525
Stronger Than I Was,The Marshall Mathers LP2,2013-01-01,336519
The Monster,The Marshall Mathers LP2,2013-01-01,250188
So Far...,The Marshall Mathers LP2,2013-01-01,317580
Love Game,The Marshall Mathers LP2,2013-01-01,296953
Headlights,The Marshall Mathers LP2,2013-01-01,343032
Evil Twin - Skit,The Marshall Mathers LP2,2013-01-01,453925
Bad Guy,The Marshall Mathers LP2 (Deluxe),2013-01-01,434077
Parking Lot (skit),The Marshall Mathers LP2 (Deluxe),2013-01-01,55337
Rhyme Or Reason,The Marshall Mathers LP2 (Deluxe),2013-01-01,301721
So Much Better,The Marshall Mathers LP2 (Deluxe),2013-01-01,261386
Survival,The Marshall Mathers LP2 (Deluxe),2013-01-01,272417
Legacy,The Marshall Mathers LP2 (Deluxe),2013-01-01,296269
*******,The Marshall Mathers LP2 (Deluxe),2013-01-01,290683
Berzerk,The Marshall Mathers LP2 (Deluxe),2013-01-01,238746
Rap God,The Marshall Mathers LP2 (Deluxe),2013-01-01,363521
Brainless,The Marshall Mathers LP2 (Deluxe),2013-01-01,286525
Stronger Than I Was,The Marshall Mathers LP2 (Deluxe),2013-01-01,336519
The Monster,The Marshall Mathers LP2 (Deluxe),2013-01-01,250188
So Far...,The Marshall Mathers LP2 (Deluxe),2013-01-01,317580
Love Game,The Marshall Mathers LP2 (Deluxe),2013-01-01,296953
Headlights,The Marshall Mathers LP2 (Deluxe),2013-01-01,343032
Evil Twin,The Marshall Mathers LP2 (Deluxe),2013-01-01,356877
Baby,The Marshall Mathers LP2 (Deluxe),2013-01-01,263058
Desperation,The Marshall Mathers LP2 (Deluxe),2013-01-01,236658
Groundhog Day,The Marshall Mathers LP2 (Deluxe),2013-01-01,293423
Beautiful Pain,The Marshall Mathers LP2 (Deluxe),2013-01-01,265022
Wicked Ways,The Marshall Mathers LP2 (Deluxe),2013-01-01,391219
Bad Guy,The Marshall Mathers LP2,2013-01-01,434077
Parking Lot (skit),The Marshall Mathers LP2,2013-01-01,55337
Rhyme Or Reason,The Marshall Mathers LP2,2013-01-01,301721
So Much Better,The Marshall Mathers LP2,2013-01-01,261386
Survival,The Marshall Mathers LP2,2013-01-01,272417
Legacy,The Marshall Mathers LP2,2013-01-01,296269
*******,The Marshall Mathers LP2,2013-01-01,290683
Berzerk,The Marshall Mathers LP2,2013-01-01,238746
Rap God,The Marshall Mathers LP2,2013-01-01,363521
Brainless,The Marshall Mathers LP2,2013-01-01,286525
Stronger Than I Was,The Marshall Mathers LP2,2013-01-01,336519
The Monster,The Marshall Mathers LP2,2013-01-01,250188
So Far...,The Marshall Mathers LP2,2013-01-01,317580
Love Game,The Marshall Mathers LP2,2013-01-01,296953
Headlights,The Marshall Mathers LP2,2013-01-01,343032
Evil Twin,The Marshall Mathers LP2,2013-01-01,454168
Cold Wind Blows,Recovery (Deluxe Edition),2010-06-21,303733
Talkin’ 2 Myself,Recovery (Deluxe Edition),2010-06-21,300426
On Fire,Recovery (Deluxe Edition),2010-06-21,213493
Won't Back Down,Recovery (Deluxe Edition),2010-06-21,265906
W.T.P.,Recovery (Deluxe Edition),2010-06-21,238173
Going Through Changes,Recovery (Deluxe Edition),2010-06-21,298893
Not Afraid,Recovery (Deluxe Edition),2010-06-21,248133
Seduction,Recovery (Deluxe Edition),2010-06-21,275400
No Love,Recovery (Deluxe Edition),2010-06-21,299506
Space Bound,Recovery (Deluxe Edition),2010-06-21,278640
Cinderella Man,Recovery (Deluxe Edition),2010-06-21,279013
25 To Life,Recovery (Deluxe Edition),2010-06-21,241586
So Bad,Recovery (Deluxe Edition),2010-06-21,325346
Almost Famous,Recovery (Deluxe Edition),2010-06-21,292480
Love The Way You Lie,Recovery (Deluxe Edition),2010-06-21,263373
You’re Never Over,Recovery (Deluxe Edition),2010-06-21,305680
Untitled,Recovery (Deluxe Edition),2010-06-21,194440
Ridaz,Recovery (Deluxe Edition),2010-06-21,299933
Session One,Recovery (Deluxe Edition),2010-06-21,268213
Cold Wind Blows,Recovery (Deluxe Edition),2010-06-18,303733
Talkin’ 2 Myself,Recovery (Deluxe Edition),2010-06-18,300426
On Fire,Recovery (Deluxe Edition),2010-06-18,213493
Won't Back Down,Recovery (Deluxe Edition),2010-06-18,265906
W.T.P.,Recovery (Deluxe Edition),2010-06-18,238173
Going Through Changes,Recovery (Deluxe Edition),2010-06-18,298893
Not Afraid,Recovery (Deluxe Edition),2010-06-18,248133
Seduction,Recovery (Deluxe Edition),2010-06-18,275400
No Love,Recovery (Deluxe Edition),2010-06-18,299506
Space Bound,Recovery (Deluxe Edition),2010-06-18,278640
Cinderella Man,Recovery (Deluxe Edition),2010-06-18,279013
25 To Life,Recovery (Deluxe Edition),2010-06-18,241586
So Bad,Recovery (Deluxe Edition),2010-06-18,325346
Almost Famous,Recovery (Deluxe Edition),2010-06-18,292480
Love The Way You Lie,Recovery (Deluxe Edition),2010-06-18,263373
You’re Never Over,Recovery (Deluxe Edition),2010-06-18,305680
Untitled,Recovery (Deluxe Edition),2010-06-18,194440
Ridaz,Recovery (Deluxe Edition),2010-06-18,299933
Session One,Recovery (Deluxe Edition),2010-06-18,268213
Cold Wind Blows,Recovery,2010-06-18,303733
Talkin’ 2 Myself,Recovery,2010-06-18,300426
On Fire,Recovery,2010-06-18,213493
Won't Back Down,Recovery,2010-06-18,265906
W.T.P.,Recovery,2010-06-18,238173
Going Through Changes,Recovery,2010-06-18,298893
Not Afraid,Recovery,2010-06-18,248133
Seduction,Recovery,2010-06-18,275400
No Love,Recovery,2010-06-18,299506
Space Bound,Recovery,2010-06-18,278640
Cinderella Man,Recovery,2010-06-18,279013
25 To Life,Recovery,2010-06-18,241586
So Bad,Recovery,2010-06-18,325346
Almost Famous,Recovery,2010-06-18,292480
Love The Way You Lie,Recovery,2010-06-18,263373
You’re Never Over,Recovery,2010-06-18,305680
Untitled,Recovery,2010-06-18,194440
Cold Wind Blows,Recovery,2010-06-18,303733
Talkin’ 2 Myself,Recovery,2010-06-18,300426
On Fire,Recovery,2010-06-18,213493
Won't Back Down,Recovery,2010-06-18,265906
W.T.P.,Recovery,2010-06-18,238173
Going Through Changes,Recovery,2010-06-18,298893
Not Afraid,Recovery,2010-06-18,248133
Seduction,Recovery,2010-06-18,275400
No Love,Recovery,2010-06-18,299506
Space Bound,Recovery,2010-06-18,278640
Cinderella Man,Recovery,2010-06-18,279013
25 To Life,Recovery,2010-06-18,241586
So Bad,Recovery,2010-06-18,325346
Almost Famous,Recovery,2010-06-18,292480
Love The Way You Lie,Recovery,2010-06-18,263373
You’re Never Over,Recovery,2010-06-18,305680
Untitled,Recovery,2010-06-18,194440
Cold Wind Blows,Recovery,2010-06-18,303733
Talkin’ 2 Myself,Recovery,2010-06-18,300426
On Fire,Recovery,2010-06-18,213493
Won't Back Down,Recovery,2010-06-18,265906
W.T.P.,Recovery,2010-06-18,238173
Going Through Changes,Recovery,2010-06-18,298893
Not Afraid,Recovery,2010-06-18,248133
Seduction,Recovery,2010-06-18,275400
No Love,Recovery,2010-06-18,299506
Space Bound,Recovery,2010-06-18,278640
Cinderella Man,Recovery,2010-06-18,279013
25 To Life,Recovery,2010-06-18,241586
So Bad,Recovery,2010-06-18,325346
Almost Famous,Recovery,2010-06-18,292480
Love The Way You Lie,Recovery,2010-06-18,263373
You’re Never Over,Recovery,2010-06-18,305680
Untitled,Recovery,2010-06-18,194440
Dr. West - Skit,Relapse: Refill,2009-05-15,89546
3 a.m.,Relapse: Refill,2009-05-15,319853
My Mom,Relapse: Refill,2009-05-15,319866
Insane,Relapse: Refill,2009-05-15,181360
Bagpipes From Baghdad,Relapse: Refill,2009-05-15,283066
Hello,Relapse: Refill,2009-05-15,248200
Tonya - Skit,Relapse: Refill,2009-05-15,42226
Same Song & Dance,Relapse: Refill,2009-05-15,246640
We Made You,Relapse: Refill,2009-05-15,269613
Medicine Ball,Relapse: Refill,2009-05-15,237346
Paul - Skit,Relapse: Refill,2009-05-15,19400
Stay Wide Awake,Relapse: Refill,2009-05-15,319973
Old Time's Sake,Relapse: Refill,2009-05-15,278160
Must Be The Ganja,Relapse: Refill,2009-05-15,242906
Mr. Mathers - Skit,Relapse: Refill,2009-05-15,42386
Deja Vu,Relapse: Refill,2009-05-15,283520
Beautiful,Relapse: Refill,2009-05-15,392826
Crack A Bottle,Relapse: Refill,2009-05-15,297520
Steve Berman - Skit,Relapse: Refill,2009-05-15,89186
Underground,Relapse: Refill,2009-05-15,371453
Forever,Relapse: Refill,2009-05-15,357706
Hell Breaks Loose,Relapse: Refill,2009-05-15,244160
Buffalo Bill,Relapse: Refill,2009-05-15,236840
Elevator,Relapse: Refill,2009-05-15,292933
Taking My Ball,Relapse: Refill,2009-05-15,302586
Music Box,Relapse: Refill,2009-05-15,304906
Drop The Bomb On 'Em,Relapse: Refill,2009-05-15,287266
My Darling,Relapse: Refill,2009-05-15,319906
Careful What You Wish For,Relapse: Refill,2009-05-15,227186
Dr. West - Skit (Edited),Relapse: Refill,2009-05-15,89173
3 a.m.,Relapse: Refill,2009-05-15,319866
My Mom - Album Version (Edited),Relapse: Refill,2009-05-15,319853
Insane - Album Version (Edited),Relapse: Refill,2009-05-15,181373
Bagpipes From Baghdad - Album Version (Edited),Relapse: Refill,2009-05-15,283053
Hello - Album Version (Edited),Relapse: Refill,2009-05-15,248280
Tonya - Skit (Edited),Relapse: Refill,2009-05-15,42160
Same Song & Dance - Album Version (Edited),Relapse: Refill,2009-05-15,246626
We Made You,Relapse: Refill,2009-05-15,269626
Medicine Ball - Album Version (Edited),Relapse: Refill,2009-05-15,237346
Paul - Skit (Edited),Relapse: Refill,2009-05-15,19400
Stay Wide Awake - Album Version (Edited),Relapse: Refill,2009-05-15,319946
Old Time's Sake - Album Version (Edited),Relapse: Refill,2009-05-15,278186
Must Be The Ganja - Album Version (Edited),Relapse: Refill,2009-05-15,242893
Mr. Mathers - Skit,Relapse: Refill,2009-05-15,42400
Deja Vu - Album Version (Edited),Relapse: Refill,2009-05-15,283506
Beautiful,Relapse: Refill,2009-05-15,392826
Crack A Bottle,Relapse: Refill,2009-05-15,297533
Steve Berman - Skit (Edited),Relapse: Refill,2009-05-15,89160
Underground - Album Version (Edited),Relapse: Refill,2009-05-15,371466
Forever - Album Version (Edited),Relapse: Refill,2009-05-15,357626
Hell Breaks Loose - Album Version (Edited),Relapse: Refill,2009-05-15,244133
Buffalo Bill - Album Version (Edited),Relapse: Refill,2009-05-15,236866
Elevator - Album Version (Edited),Relapse: Refill,2009-05-15,292933
Taking My Ball - Album Version (Edited),Relapse: Refill,2009-05-15,302586
Music Box - Album Version (Edited),Relapse: Refill,2009-05-15,304906
Drop The Bomb On 'Em - Album Version (Edited),Relapse: Refill,2009-05-15,287466
Dr. West - Skit,Relapse (Deluxe Edition),2009-05-15,89546
3 a.m.,Relapse (Deluxe Edition),2009-05-15,319853
My Mom,Relapse (Deluxe Edition),2009-05-15,319866
Insane,Relapse (Deluxe Edition),2009-05-15,181360
Bagpipes From Baghdad,Relapse (Deluxe Edition),2009-05-15,283066
Hello,Relapse (Deluxe Edition),2009-05-15,248200
Tonya - Skit,Relapse (Deluxe Edition),2009-05-15,42213
Same Song & Dance,Relapse (Deluxe Edition),2009-05-15,246653
We Made You,Relapse (Deluxe Edition),2009-05-15,269613
Medicine Ball,Relapse (Deluxe Edition),2009-05-15,237333
Paul - Skit,Relapse (Deluxe Edition),2009-05-15,19413
Stay Wide Awake,Relapse (Deluxe Edition),2009-05-15,319973
Old Time's Sake,Relapse (Deluxe Edition),2009-05-15,278160
Must Be The Ganja,Relapse (Deluxe Edition),2009-05-15,242906
Mr. Mathers - Skit,Relapse (Deluxe Edition),2009-05-15,42386
Deja Vu,Relapse (Deluxe Edition),2009-05-15,283520
Beautiful,Relapse (Deluxe Edition),2009-05-15,392826
Crack A Bottle,Relapse (Deluxe Edition),2009-05-15,297520
Steve Berman - Skit,Relapse (Deluxe Edition),2009-05-15,89186
Underground,Relapse (Deluxe Edition),2009-05-15,370453
We Made You,Relapse (Deluxe Edition),2009-05-15,286986
Crack A Bottle - Single Version,Relapse (Deluxe Edition),2009-05-15,315146
My Darling,Relapse (Deluxe Edition),2009-05-15,320440
Careful What You Wish For,Relapse (Deluxe Edition),2009-05-15,227186
Dr. West - Skit,Relapse,2009-05-15,89546
3 a.m.,Relapse,2009-05-15,319853
My Mom,Relapse,2009-05-15,319866
Insane,Relapse,2009-05-15,181360
Bagpipes From Baghdad,Relapse,2009-05-15,283066
Hello,Relapse,2009-05-15,248200
Tonya - Skit,Relapse,2009-05-15,42213
Same Song & Dance,Relapse,2009-05-15,246653
We Made You,Relapse,2009-05-15,269613
Medicine Ball,Relapse,2009-05-15,237333
Paul - Skit,Relapse,2009-05-15,19413
Stay Wide Awake,Relapse,2009-05-15,319973
Old Time's Sake,Relapse,2009-05-15,278160
Must Be The Ganja,Relapse,2009-05-15,242906
Mr. Mathers - Skit,Relapse,2009-05-15,42386
Deja Vu,Relapse,2009-05-15,283520
Beautiful,Relapse,2009-05-15,392826
Crack A Bottle,Relapse,2009-05-15,297520
Steve Berman - Skit,Relapse,2009-05-15,89186
Underground,Relapse,2009-05-15,371453
We Made You,Relapse,2009-05-15,287080
Crack A Bottle - Single Version,Relapse,2009-05-15,315600
Dr. West - Skit,Relapse,2009-05-15,89546
3 a.m.,Relapse,2009-05-15,319853
My Mom,Relapse,2009-05-15,319866
Insane,Relapse,2009-05-15,181360
Bagpipes From Baghdad,Relapse,2009-05-15,283066
Hello,Relapse,2009-05-15,248200
Tonya - Skit,Relapse,2009-05-15,42226
Same Song & Dance,Relapse,2009-05-15,246640
We Made You,Relapse,2009-05-15,269613
Medicine Ball,Relapse,2009-05-15,237346
Paul - Skit,Relapse,2009-05-15,19400
Stay Wide Awake,Relapse,2009-05-15,319973
Old Time's Sake,Relapse,2009-05-15,278160
Must Be The Ganja,Relapse,2009-05-15,242906
Mr. Mathers - Skit,Relapse,2009-05-15,42386
Deja Vu,Relapse,2009-05-15,283520
Beautiful,Relapse,2009-05-15,392826
Crack A Bottle,Relapse,2009-05-15,297520
Steve Berman - Skit,Relapse,2009-05-15,89186
Underground,Relapse,2009-05-15,371453
Dr. West - Skit (Edited),Relapse,2009-05-15,89173
3 a.m.,Relapse,2009-05-15,319866
My Mom - Album Version (Edited),Relapse,2009-05-15,319853
Insane - Album Version (Edited),Relapse,2009-05-15,181373
Bagpipes From Baghdad - Album Version (Edited),Relapse,2009-05-15,283053
Hello - Album Version (Edited),Relapse,2009-05-15,248280
Tonya - Skit (Edited),Relapse,2009-05-15,42160
Same Song & Dance - Album Version (Edited),Relapse,2009-05-15,246626
We Made You,Relapse,2009-05-15,269626
Medicine Ball - Album Version (Edited),Relapse,2009-05-15,237346
Paul - Skit (Edited),Relapse,2009-05-15,19400
Stay Wide Awake - Album Version (Edited),Relapse,2009-05-15,319946
Old Time's Sake - Album Version (Edited),Relapse,2009-05-15,278186
Must Be The Ganja - Album Version (Edited),Relapse,2009-05-15,242893
Mr. Mathers - Skit,Relapse,2009-05-15,42400
Deja Vu - Album Version (Edited),Relapse,2009-05-15,283506
Beautiful,Relapse,2009-05-15,392826
Crack A Bottle,Relapse,2009-05-15,297533
Steve Berman - Skit (Edited),Relapse,2009-05-15,89160
Underground - Album Version (Edited),Relapse,2009-05-15,371466
Dr. West - Skit,Relapse [Deluxe],2009-05-15,89546
3 a.m.,Relapse [Deluxe],2009-05-15,319853
My Mom,Relapse [Deluxe],2009-05-15,319866
Insane,Relapse [Deluxe],2009-05-15,181360
Bagpipes From Baghdad,Relapse [Deluxe],2009-05-15,283066
Hello,Relapse [Deluxe],2009-05-15,248200
Tonya - Skit,Relapse [Deluxe],2009-05-15,42213
Same Song & Dance,Relapse [Deluxe],2009-05-15,246653
We Made You,Relapse [Deluxe],2009-05-15,269613
Medicine Ball,Relapse [Deluxe],2009-05-15,237333
Paul - Skit,Relapse [Deluxe],2009-05-15,19413
Stay Wide Awake,Relapse [Deluxe],2009-05-15,319973
Old Time's Sake,Relapse [Deluxe],2009-05-15,278160
Must Be The Ganja,Relapse [Deluxe],2009-05-15,242906
Mr. Mathers - Skit,Relapse [Deluxe],2009-05-15,42386
Deja Vu,Relapse [Deluxe],2009-05-15,283520
Beautiful,Relapse [Deluxe],2009-05-15,392826
Crack A Bottle,Relapse [Deluxe],2009-05-15,297520
Steve Berman - Skit,Relapse [Deluxe],2009-05-15,89186
Underground,Relapse [Deluxe],2009-05-15,371280
My Darling,Relapse [Deluxe],2009-05-15,320426
Careful What You Wish For,Relapse [Deluxe],2009-05-15,227173
Shady Narcotics,Eminem Presents The Re-Up,2006-01-01,56453
We're Back,Eminem Presents The Re-Up,2006-01-01,239626
Pistol Pistol (Remix),Eminem Presents The Re-Up,2006-01-01,145826
Murder,Eminem Presents The Re-Up,2006-01-01,130613
Everything Is Shady,Eminem Presents The Re-Up,2006-01-01,269466
The Re-Up,Eminem Presents The Re-Up,2006-01-01,177906
You Don't Know,Eminem Presents The Re-Up,2006-01-01,257906
Jimmy Crack Corn,Eminem Presents The Re-Up,2006-01-01,234453
Trapped,Eminem Presents The Re-Up,2006-01-01,58280
Whatever You Want,Eminem Presents The Re-Up,2006-01-01,168973
Talkin' All That,Eminem Presents The Re-Up,2006-01-01,245426
By My Side,Eminem Presents The Re-Up,2006-01-01,246760
We Ride For Shady,Eminem Presents The Re-Up,2006-01-01,188186
There He Is,Eminem Presents The Re-Up,2006-01-01,265013
Tryin' Ta Win,Eminem Presents The Re-Up,2006-01-01,232920
Smack That (Remix),Eminem Presents The Re-Up,2006-01-01,311893
Public Enemy #1,Eminem Presents The Re-Up,2006-01-01,114546
Get Low,Eminem Presents The Re-Up,2006-01-01,199800
Ski Mask Way (Eminem Remix),Eminem Presents The Re-Up,2006-01-01,184040
Shake That (Remix),Eminem Presents The Re-Up,2006-01-01,179560
Cry Now - Shady Remix,Eminem Presents The Re-Up,2006-01-01,309706
No Apologies,Eminem Presents The Re-Up,2006-01-01,256453
Billion Bucks,Eminem Presents The Re-Up,2006-01-01,221026
Curtains Up,Encore (Deluxe Version),2004-11-12,46866
Evil Deeds,Encore (Deluxe Version),2004-11-12,259573
Never Enough,Encore (Deluxe Version),2004-11-12,159786
Yellow Brick Road,Encore (Deluxe Version),2004-11-12,346253
Like Toy Soldiers,Encore (Deluxe Version),2004-11-12,296880
Mosh,Encore (Deluxe Version),2004-11-12,317813
Puke,Encore (Deluxe Version),2004-11-12,247826
My 1st Single,Encore (Deluxe Version),2004-11-12,302840
Paul - Skit,Encore (Deluxe Version),2004-11-12,32026
Rain Man,Encore (Deluxe Version),2004-11-12,313946
Big Weenie,Encore (Deluxe Version),2004-11-12,266933
Em Calls Paul - Skit,Encore (Deluxe Version),2004-11-12,71746
Just Lose It,Encore (Deluxe Version),2004-11-12,248680
Ass Like That,Encore (Deluxe Version),2004-11-12,265480
Spend Some Time,Encore (Deluxe Version),2004-11-12,310720
Mockingbird,Encore (Deluxe Version),2004-11-12,250760
Crazy In Love,Encore (Deluxe Version),2004-11-12,242306
One Shot 2 Shot,Encore (Deluxe Version),2004-11-12,266573
Final Thought - Skit,Encore (Deluxe Version),2004-11-12,30200
Encore/Curtains Down,Encore (Deluxe Version),2004-11-12,348400
We As Americans,Encore (Deluxe Version),2004-11-12,276320
Love You More,Encore (Deluxe Version),2004-11-12,284120
Ricky Ticky Toc,Encore (Deluxe Version),2004-11-12,169586
Curtains Up,Encore,2004-11-12,46866
Evil Deeds,Encore,2004-11-12,259573
Never Enough,Encore,2004-11-12,159786
Yellow Brick Road,Encore,2004-11-12,346253
Like Toy Soldiers,Encore,2004-11-12,296880
Mosh,Encore,2004-11-12,317813
Puke,Encore,2004-11-12,247826
My 1st Single,Encore,2004-11-12,302840
Paul - Skit,Encore,2004-11-12,32026
Rain Man,Encore,2004-11-12,313946
Big Weenie,Encore,2004-11-12,266933
Em Calls Paul - Skit,Encore,2004-11-12,71746
Just Lose It,Encore,2004-11-12,248680
Ass Like That,Encore,2004-11-12,265480
Spend Some Time,Encore,2004-11-12,310720
Mockingbird,Encore,2004-11-12,250760
Crazy In Love,Encore,2004-11-12,242306
One Shot 2 Shot,Encore,2004-11-12,266573
Final Thought - Skit,Encore,2004-11-12,30200
Encore/Curtains Down,Encore,2004-11-12,348400
Curtains Up,Encore (Deluxe Version),2004-11-12,46680
Evil Deeds,Encore (Deluxe Version),2004-11-12,253426
Never Enough,Encore (Deluxe Version),2004-11-12,159760
Yellow Brick Road,Encore (Deluxe Version),2004-11-12,346413
Like Toy Soldiers,Encore (Deluxe Version),2004-11-12,290453
Mosh,Encore (Deluxe Version),2004-11-12,317800
Puke,Encore (Deluxe Version),2004-11-12,247853
My 1st Single,Encore (Deluxe Version),2004-11-12,302826
Paul - Skit,Encore (Deluxe Version),2004-11-12,32119
Rain Man,Encore (Deluxe Version),2004-11-12,313866
Big Weenie,Encore (Deluxe Version),2004-11-12,266906
Em Calls Paul - Skit,Encore (Deluxe Version),2004-11-12,67960
Just Lose It,Encore (Deluxe Version),2004-11-12,248666
Ass Like That,Encore (Deluxe Version),2004-11-12,265480
Spend Some Time,Encore (Deluxe Version),2004-11-12,310733
Mockingbird,Encore (Deluxe Version),2004-11-12,250760
Crazy In Love,Encore (Deluxe Version),2004-11-12,243360
One Shot 2 Shot,Encore (Deluxe Version),2004-11-12,255573
Final Thought - Skit,Encore (Deluxe Version),2004-11-12,30186
Encore,Encore (Deluxe Version),2004-11-12,312946
We As Americans,Encore (Deluxe Version),2004-11-12,276373
Love You More,Encore (Deluxe Version),2004-11-12,283640
Ricky Ticky Toc,Encore (Deluxe Version),2004-11-12,169586
Curtains Up,Encore,2004-11-12,46680
Evil Deeds,Encore,2004-11-12,253426
Never Enough,Encore,2004-11-12,159760
Yellow Brick Road,Encore,2004-11-12,346413
Like Toy Soldiers,Encore,2004-11-12,290453
Mosh,Encore,2004-11-12,317800
Puke,Encore,2004-11-12,247813
My 1st Single,Encore,2004-11-12,302866
Paul - Skit,Encore,2004-11-12,32119
Rain Man,Encore,2004-11-12,313826
Big Weenie,Encore,2004-11-12,266946
Em Calls Paul - Skit,Encore,2004-11-12,67960
Just Lose It,Encore,2004-11-12,248666
Ass Like That,Encore,2004-11-12,265480
Spend Some Time,Encore,2004-11-12,310733
Mockingbird,Encore,2004-11-12,250760
Crazy In Love,Encore,2004-11-12,243346
One Shot 2 Shot,Encore,2004-11-12,255586
Final Thought - Skit,Encore,2004-11-12,30186
Encore,Encore,2004-11-12,312946
Curtains Up - Skit,The Eminem Show,2002-05-26,29826
White America,The Eminem Show,2002-05-26,324546
Business,The Eminem Show,2002-05-26,251720
Cleanin' Out My Closet,The Eminem Show,2002-05-26,297840
Square Dance,The Eminem Show,2002-05-26,323720
The Kiss - Skit,The Eminem Show,2002-05-26,75920
Soldier,The Eminem Show,2002-05-26,226213
Say Goodbye Hollywood,The Eminem Show,2002-05-26,272840
Drips,The Eminem Show,2002-05-26,285640
Without Me,The Eminem Show,2002-05-26,290320
Paul Rosenberg - Skit,The Eminem Show,2002-05-26,22746
Sing For The Moment,The Eminem Show,2002-05-26,339546
Superman,The Eminem Show,2002-05-26,350320
Hailie's Song,The Eminem Show,2002-05-26,320640
Steve Berman - Skit,The Eminem Show,2002-05-26,33106
When The Music Stops,The Eminem Show,2002-05-26,269013
Say What You Say,The Eminem Show,2002-05-26,309893
Till I Collapse,The Eminem Show,2002-05-26,297786
My Dad's Gone Crazy,The Eminem Show,2002-05-26,267013
Curtains Close,The Eminem Show,2002-05-26,61866
Curtains Up - Skit,The Eminem Show (Edited Version),2002-05-26,29746
White America,The Eminem Show (Edited Version),2002-05-26,324466
Business,The Eminem Show (Edited Version),2002-05-26,251826
Cleanin' Out My Closet,The Eminem Show (Edited Version),2002-05-26,298186
Square Dance,The Eminem Show (Edited Version),2002-05-26,323573
The Kiss - Skit,The Eminem Show (Edited Version),2002-05-26,74746
Soldier,The Eminem Show (Edited Version),2002-05-26,226440
Say Goodbye Hollywood,The Eminem Show (Edited Version),2002-05-26,272733
Drips - Album Version (Edited),The Eminem Show (Edited Version),2002-05-26,4066
Without Me,The Eminem Show (Edited Version),2002-05-26,290120
Paul Rosenberg - Skit,The Eminem Show (Edited Version),2002-05-26,22853
Sing For The Moment,The Eminem Show (Edited Version),2002-05-26,339573
Superman,The Eminem Show (Edited Version),2002-05-26,350066
Hailie's Song,The Eminem Show (Edited Version),2002-05-26,320773
Steve Berman - Skit,The Eminem Show (Edited Version),2002-05-26,33186
When The Music Stops,The Eminem Show (Edited Version),2002-05-26,269026
Say What You Say,The Eminem Show (Edited Version),2002-05-26,309786
'Till I Collapse,The Eminem Show (Edited Version),2002-05-26,297906
My Dad's Gone Crazy,The Eminem Show (Edited Version),2002-05-26,266973
Curtains Close,The Eminem Show (Edited Version),2002-05-26,62720
Curtains Up - Skit,The Eminem Show,2002-05-26,29746
White America,The Eminem Show,2002-05-26,324466
Business,The Eminem Show,2002-05-26,251826
Cleanin' Out My Closet,The Eminem Show,2002-05-26,298186
Square Dance,The Eminem Show,2002-05-26,323573
The Kiss - Skit,The Eminem Show,2002-05-26,74746
Soldier,The Eminem Show,2002-05-26,226440
Say Goodbye Hollywood,The Eminem Show,2002-05-26,272733
Without Me,The Eminem Show,2002-05-26,290120
Paul Rosenberg - Skit,The Eminem Show,2002-05-26,22853
Sing For The Moment,The Eminem Show,2002-05-26,339573
Superman,The Eminem Show,2002-05-26,350066
Hailie's Song,The Eminem Show,2002-05-26,320773
Steve Berman - Skit,The Eminem Show,2002-05-26,33186
When The Music Stops,The Eminem Show,2002-05-26,269026
Say What You Say,The Eminem Show,2002-05-26,309786
Till I Collapse,The Eminem Show,2002-05-26,297906
My Dad's Gone Crazy,The Eminem Show,2002-05-26,266973
Curtains Close,The Eminem Show,2002-05-26,62720
The Real Slim Shady - Instrumental,The Marshall Mathers LP,2001-08-20,284760
The Way I Am - Instrumental,The Marshall Mathers LP,2001-08-20,291400
Stan - Instrumental,The Marshall Mathers LP,2001-08-20,403733
The Kids,The Marshall Mathers LP,2001-08-20,305626
The Way I Am - Danny Lohner Remix Version,The Marshall Mathers LP,2001-08-20,298693
Public Service Announcement 2000,The Marshall Mathers LP,2001-08-20,25866
Kill You,The Marshall Mathers LP,2001-08-20,264400
Stan,The Marshall Mathers LP,2001-08-20,404106
Paul - Skit,The Marshall Mathers LP,2001-08-20,10600
Who Knew,The Marshall Mathers LP,2001-08-20,227760
Steve Berman,The Marshall Mathers LP,2001-08-20,53573
The Way I Am,The Marshall Mathers LP,2001-08-20,290426
The Real Slim Shady,The Marshall Mathers LP,2001-08-20,284200
Remember Me?,The Marshall Mathers LP,2001-08-20,218533
I'm Back,The Marshall Mathers LP,2001-08-20,309760
Marshall Mathers,The Marshall Mathers LP,2001-08-20,320933
Ken Kaniff - Skit,The Marshall Mathers LP,2001-08-20,61800
Drug Ballad,The Marshall Mathers LP,2001-08-20,300266
Amityville,The Marshall Mathers LP,2001-08-20,254773
Bitch Please II,The Marshall Mathers LP,2001-08-20,288200
Kim,The Marshall Mathers LP,2001-08-20,377893
Under The Influence,The Marshall Mathers LP,2001-08-20,321666
Criminal,The Marshall Mathers LP,2001-08-20,319026
Public Service Announcement 2000,The Marshall Mathers LP,2000-05-23,27866
Kill You,The Marshall Mathers LP,2000-05-23,264400
Stan,The Marshall Mathers LP,2000-05-23,404106
Paul - Skit,The Marshall Mathers LP,2000-05-23,10600
Who Knew,The Marshall Mathers LP,2000-05-23,227760
Steve Berman,The Marshall Mathers LP,2000-05-23,53573
The Way I Am,The Marshall Mathers LP,2000-05-23,290426
The Real Slim Shady,The Marshall Mathers LP,2000-05-23,284200
Remember Me?,The Marshall Mathers LP,2000-05-23,218840
I'm Back,The Marshall Mathers LP,2000-05-23,309760
Marshall Mathers,The Marshall Mathers LP,2000-05-23,321266
Ken Kaniff - Skit,The Marshall Mathers LP,2000-05-23,61800
Drug Ballad,The Marshall Mathers LP,2000-05-23,300266
Amityville,The Marshall Mathers LP,2000-05-23,254773
Bitch Please II,The Marshall Mathers LP,2000-05-23,288200
Kim,The Marshall Mathers LP,2000-05-23,377893
Under The Influence,The Marshall Mathers LP,2000-05-23,321666
Criminal,The Marshall Mathers LP,2000-05-23,319600
Public Service Announcement 2000,The Marshall Mathers LP,2000-05-23,2000
**** You,The Marshall Mathers LP,2000-05-23,264360
Stan,The Marshall Mathers LP,2000-05-23,403360
Paul,The Marshall Mathers LP,2000-05-23,10666
Who Knew,The Marshall Mathers LP,2000-05-23,227666
Steve Berman,The Marshall Mathers LP,2000-05-23,54426
The Way I Am,The Marshall Mathers LP,2000-05-23,290906
The Real Slim Shady,The Marshall Mathers LP,2000-05-23,284480
Remember Me?,The Marshall Mathers LP,2000-05-23,218640
I'm Back,The Marshall Mathers LP,2000-05-23,310053
Marshall Mathers,The Marshall Mathers LP,2000-05-23,320280
Ken Kaniff,The Marshall Mathers LP,2000-05-23,61813
Drug Ballad,The Marshall Mathers LP,2000-05-23,302853
Amityville,The Marshall Mathers LP,2000-05-23,241613
***** Please II,The Marshall Mathers LP,2000-05-23,290746
The Kids,The Marshall Mathers LP,2000-05-23,303186
Under The Influence,The Marshall Mathers LP,2000-05-23,322266
Criminal,The Marshall Mathers LP,2000-05-23,320546
Public Service Announcement,The Slim Shady LP (Expanded Edition),1999-02-23,33093
My Name Is,The Slim Shady LP (Expanded Edition),1999-02-23,268400
Guilty Conscience,The Slim Shady LP (Expanded Edition),1999-02-23,199333
Brain Damage,The Slim Shady LP (Expanded Edition),1999-02-23,226706
Paul - Skit,The Slim Shady LP (Expanded Edition),1999-02-23,15800
If I Had,The Slim Shady LP (Expanded Edition),1999-02-23,245546
'97 Bonnie & Clyde,The Slim Shady LP (Expanded Edition),1999-02-23,316413
Bitch,The Slim Shady LP (Expanded Edition),1999-02-23,19706
Role Model,The Slim Shady LP (Expanded Edition),1999-02-23,205400
Lounge - Skit,The Slim Shady LP (Expanded Edition),1999-02-23,46533
My Fault,The Slim Shady LP (Expanded Edition),1999-02-23,241600
Ken Kaniff - Skit,The Slim Shady LP (Expanded Edition),1999-02-23,76226
Cum On Everybody,The Slim Shady LP (Expanded Edition),1999-02-23,219280
Rock Bottom,The Slim Shady LP (Expanded Edition),1999-02-23,214120
Just Don't Give A Fuck,The Slim Shady LP (Expanded Edition),1999-02-23,242533
Soap - Skit,The Slim Shady LP (Expanded Edition),1999-02-23,34600
As The World Turns,The Slim Shady LP (Expanded Edition),1999-02-23,265373
I'm Shady,The Slim Shady LP (Expanded Edition),1999-02-23,211893
Bad Meets Evil,The Slim Shady LP (Expanded Edition),1999-02-23,253133
Still Don't Give A Fuck,The Slim Shady LP (Expanded Edition),1999-02-23,257493
Hazardous Youth - A Cappella,The Slim Shady LP (Expanded Edition),1999-02-23,44040
Get You Mad,The Slim Shady LP (Expanded Edition),1999-02-23,262213
Greg - A Cappella,The Slim Shady LP (Expanded Edition),1999-02-23,52546
"Bad Guys Always Die - From ""Wild Wild West"" Soundtrack",The Slim Shady LP (Expanded Edition),1999-02-23,279133
Guilty Conscience - Radio Version,The Slim Shady LP (Expanded Edition),1999-02-23,199773
Guilty Conscience - Instrumental,The Slim Shady LP (Expanded Edition),1999-02-23,200880
Guilty Conscience - A Cappella,The Slim Shady LP (Expanded Edition),1999-02-23,196653
My Name Is - Instrumental,The Slim Shady LP (Expanded Edition),1999-02-23,269173
Just Don't Give A Fuck - A Cappella,The Slim Shady LP (Expanded Edition),1999-02-23,215213
Just Don't Give A Fuck - Instrumental,The Slim Shady LP (Expanded Edition),1999-02-23,248186
Public Service Announcement,The Slim Shady LP,1999-02-23,33226
My Name Is,The Slim Shady LP,1999-02-23,268400
Guilty Conscience,The Slim Shady LP,1999-02-23,199333
Brain Damage,The Slim Shady LP,1999-02-23,226733
Paul - Skit,The Slim Shady LP,1999-02-23,15840
If I Had,The Slim Shady LP,1999-02-23,245493
'97 Bonnie & Clyde,The Slim Shady LP,1999-02-23,316400
Bitch - Skit,The Slim Shady LP,1999-02-23,19706
Role Model,The Slim Shady LP,1999-02-23,205400
Lounge - Skit,The Slim Shady LP,1999-02-23,46533
My Fault,The Slim Shady LP,1999-02-23,241600
Ken Kaniff - Skit,The Slim Shady LP,1999-02-23,76293
Cum On Everybody,The Slim Shady LP,1999-02-23,219240
Rock Bottom,The Slim Shady LP,1999-02-23,214093
Just Don't Give A Fuck,The Slim Shady LP,1999-02-23,242573
Soap - Skit,The Slim Shady LP,1999-02-23,34600
As The World Turns,The Slim Shady LP,1999-02-23,265333
I'm Shady,The Slim Shady LP,1999-02-23,211960
Bad Meets Evil,The Slim Shady LP,1999-02-23,253066
Still Don't Give A Fuck,The Slim Shady LP,1999-02-23,252706
Public Service Announcement - Album Version (Edited),The Slim Shady LP,1999-02-23,33226
My Name Is,The Slim Shady LP,1999-02-23,268440
Guilty Conscience,The Slim Shady LP,1999-02-23,199333
Brain Damage,The Slim Shady LP,1999-02-23,226360
Paul - Skit,The Slim Shady LP,1999-02-23,15840
If I Had,The Slim Shady LP,1999-02-23,245493
'97 Bonnie & Clyde,The Slim Shady LP,1999-02-23,316440
Bitch - Skit,The Slim Shady LP,1999-02-23,19800
Role Model,The Slim Shady LP,1999-02-23,210400
Lounge - Skit,The Slim Shady LP,1999-02-23,46533
My Fault,The Slim Shady LP,1999-02-23,241600
Ken Kaniff,The Slim Shady LP,1999-02-23,76226
Come On Everybody,The Slim Shady LP,1999-02-23,219266
Rock Bottom,The Slim Shady LP,1999-02-23,214106
Just Don't Give a F**,The Slim Shady LP,1999-02-23,226733
Soap - Skit,The Slim Shady LP,1999-02-23,34773
As The World Turns,The Slim Shady LP,1999-02-23,265360
I'm Shady,The Slim Shady LP,1999-02-23,211906
Bad Meets Evil,The Slim Shady LP,1999-02-23,252533
Still Don't Give,The Slim Shady LP,1999-02-23,250360
